keyword,parent_title,parent_author_name,parent_note_type,author_name,content_text,published_text,ip_location,like_count,is_author
穿搭,1/7,163的周周,image,163的周周,我没有发链接，评论区的不要信,03-11,重庆,13,True
穿搭,1/7,163的周周,image,163的周周,辛苦宝宝们截图搜一下吧，那些人给我整违规提示了[哭惹R][哭惹R]不敢发,03-12,重庆,6,True
穿搭,1/7,163的周周,image,人间观察员198号,蹲图二跟图三裤子,03-11,福建,4,False
穿搭,1/7,163的周周,image,昏睡状态..,求1、4的链接,03-11,湖南,2,False
穿搭,1/7,163的周周,image,风,最后一套有链接吗,03-10,山东,5,False
穿搭,1/7,163的周周,image,行李箱好重,第一套有链接吗,03-11,广西,3,False
穿搭,1/7,163的周周,image,吐槽可以很快乐,2 5全套谢谢,03-11,湖北,,False
穿搭,1/7,163的周周,image,小口袋,蹲蹲链接呀美女女,03-11,重庆,2,False
穿搭,1/7,163的周周,image,不完美人生,第一套有链接吗[皱眉R],03-10,四川,1,False
穿搭,1/7,163的周周,image,卑微打工人,求2和5的裤子[皱眉R]美女,03-11,陕西,,False
穿搭,1/7,163的周周,image,小鱼..的衣橱,好看想要链接,03-12,浙江,,False
穿搭,1/7,163的周周,image,OuO,蹲257的全套[吧唧R],03-11,陕西,2,False
穿搭,1/7,163的周周,image,快乐的小六子,图三上衣宝宝[飞吻R]爱你,03-12,河南,1,False
穿搭,1/7,163的周周,image,橘子..,蹲蹲1,03-12,江苏,1,False
穿搭,1/7,163的周周,image,想退休88QWQ,蹲图一,03-12,广东,3,False
穿搭,1/7,163的周周,image,不吃魚,蹲1 4,03-11,福建,2,False
穿搭,1/7,163的周周,image,不秃的阿飘,图三的裤子挺好看的,03-12,山东,1,False
穿搭,1/7,163的周周,image,susu✨,好美 蹲链接[完啦R],03-12,山东,1,False
穿搭,1/7,163的周周,image,雾里藏星,好看好看,03-11,广东,,False
穿搭,1/7,163的周周,image,dgbhj,宝宝多重啊，理想身材,03-12,河南,1,False
穿搭,1/18,11好运来,image,啦啦啦,有没有好心人说一下价,4天前,湖北,1,False
穿搭,1/18,11好运来,image,我脾气超好,第一套链接有吗，太好看啦～～[ 飞吻R  ],7天前,广东,3,False
穿搭,1/18,11好运来,image,不喜欢秋天,谢谢,7天前,广东,,False
穿搭,1/18,11好运来,image,椰子小姐～,为什么每次都没有链接[哭惹R],7天前,贵州,,False
穿搭,1/18,11好运来,image,11好运来,好,7天前,浙江,,True
穿搭,1/18,11好运来,image,小卷儿喔,第一套上衣没找到呀,2小时前,安徽,,False
穿搭,1/18,11好运来,image,妮妮姐姐,第二套[偷笑R],2天前,江苏,1,False
穿搭,1/18,11好运来,image,咿咿（上岸版）,求推荐,3小时前,广东,,False
穿搭,1/18,11好运来,image,大黄不是狗,求第一套,7天前,云南,,False
穿搭,1/18,11好运来,image,11好运来,好的,7天前,浙江,2,True
穿搭,1/18,11好运来,image,对方正在做手工,求第一套链接宝宝[皱眉R],7天前,广东,,False
穿搭,1/18,11好运来,image,美美宝宝..看这,谢谢,7天前,广东,,False
穿搭,1/18,11好运来,image,未来的未来还未来,蹲第一套链接[偷笑R],7天前,安徽,,False
穿搭,1/18,11好运来,image,糖,求图一链接,6天前,河南,,False
穿搭,1/18,11好运来,image,Tracer.,求第一套和第二套链接[皱眉R],7天前,山东,2,False
穿搭,1/18,11好运来,image,橙熟,第一套链接[害羞R],7天前,贵州,,False
穿搭,1/18,11好运来,image,..,求第一套链接,7天前,安徽,,False
穿搭,1/18,胡子喵,image,胡子喵,晚点会整理..出来哦~,2025-03-31,广东,66,True
穿搭,1/18,胡子喵,image,胡子喵,宝们看看我拍的美景~,2025-04-01,广东,70,True
穿搭,1/18,胡子喵,image,大大,裤子链接[害羞R],2025-03-31,广东,16,False
穿搭,1/18,胡子喵,image,阿之阿之,上衣链接[偷笑R],2025-04-01,河北,1,False
穿搭,1/18,胡子喵,image,一颗小小周,这个全身！！,2025-04-01,湖北,11,False
穿搭,1/18,胡子喵,image,拾荒者,蹲蹲,2025-04-02,广东,3,False
穿搭,1/18,胡子喵,image,..,身高多少呀？参考一下,2025-03-30,广西,,False
穿搭,1/18,胡子喵,image,不喝奶茶,同蹲,2025-03-31,甘肃,2,False
穿搭,1/18,胡子喵,image,小红薯64F7ECD9,宝宝 想要p1红色帆布包链接..[害羞R][害羞R],2025-04-11,广东,1,False
穿搭,1/18,胡子喵,image,Jjjcjdscjz,蹲,2025-04-12,河南,,False
穿搭,1/18,胡子喵,image,MSMHSD,总结：上衣和脚上最好有一个颜色是一致的,2025-04-06,广西,4,False
穿搭,1/18,胡子喵,image,美岛霖.,求袜子链接[哇R],2025-03-31,湖北,2,False
穿搭,1/18,胡子喵,image,苹果派,蹲,2025-04-02,新疆,,False
穿搭,1/18,胡子喵,image,今天也要早睡,多高呀好好看,2025-04-04,辽宁,,False
穿搭,1/18,胡子喵,image,Jessica,好会穿呀[偷笑R][哇R],03-15,湖北,,False
穿搭,1/18,胡子喵,image,蛋挞皮皮,宝多高啊,2025-04-04,江西,,False
穿搭,1/18,胡子喵,image,SUN Vintage,身高体重是？,2025-04-05,湖南,1,False
穿搭,1/18,胡子喵,image,kitty小琳,宝贝多高多重呀[害羞R],2025-04-01,山东,,False
穿搭,1/6,ssur,image,Lotuss,图三那个搜不到的,03-05,广东,7,False
穿搭,1/6,ssur,image,yuyu,链接[飞吻R][飞吻R][飞吻R],03-05,贵州,5,False
穿搭,1/6,ssur,image,ssur,晚上整理出来宝宝，除了我其他回复的都是骗子,03-05,广东,8,True
穿搭,1/6,ssur,image,曾经～,可以分享链接吗,03-05,湖北,1,False
穿搭,1/6,ssur,image,小新麦蜡笔.,楼爬完也没链接,03-06,广东,1,False
穿搭,1/6,ssur,image,ssur,点开顶楼的图宝,03-06,广东,,True
穿搭,1/6,ssur,image,园子,好看,昨天 14:08,北京,,False
穿搭,1/6,ssur,image,哦泡果奶,第一套链接有木有,03-07,浙江,2,False
穿搭,1/6,ssur,image,半勺小奶酪～,求图一右边的裙子[害羞R],2天前,广东,1,False
穿搭,1/6,ssur,image,咕噜咕噜～,图5，求波点连衣裙和开衫链接,03-05,广东,3,False
穿搭,1/6,ssur,image,园子,红色好看,2天前,北京,,False
穿搭,1/6,ssur,image,猴子事务所,好漂亮呀链接[害羞R],03-04,广西,1,False
穿搭,1/6,ssur,image,可乐瑶一瑶,1.2.7链接,03-05,浙江,1,False
穿搭,1/6,ssur,image,ssur,..,03-05,广东,,True
穿搭,1/6,ssur,image,什么小椰..,求链接,03-05,湖北,,False
穿搭,1/6,ssur,image,Sadness″,蹲1和2,03-05,云南,2,False
穿搭,1/6,ssur,image,ssur,..,03-06,广东,,True
穿搭,1/6,ssur,image,sunny,蹲链接[害羞R],03-05,江苏,1,False
穿搭,1/6,ssur,image,YLL,好想要每一套的链接,03-05,广东,1,False
穿搭,1/6,ssur,image,化妆师-欣欣..,怎么购买,03-05,云南,1,False
穿搭,1/18,吴葱蒜,image,吴葱蒜,bb们 很多都是之前发过的 可以往前面笔记翻一下哦,2025-12-25,广东,7,True
穿搭,1/18,吴葱蒜,image,小秦同学,求p2链接..[飞吻R][飞吻R][飞吻R],01-10,浙江,,False
穿搭,1/18,吴葱蒜,image,溺死在温柔乡.,第一个裙子真的很好看,2025-12-24,宁夏,1,False
穿搭,1/18,吴葱蒜,image,海绵安安,老师，蹲个链接,01-18,广东,2,False
穿搭,1/18,吴葱蒜,image,安生.,2 4 6 7 8 11 12 14链接[色色R][色色R][色色R],2025-12-23,湖北,1,False
穿搭,1/18,吴葱蒜,image,水水吖（爱拍照）,前两套看着不错[拔草R],2025-12-25,北京,,False
穿搭,1/18,吴葱蒜,image,园子,好夏天！！太喜欢了[皱眉R],2天前,北京,,False
穿搭,1/18,吴葱蒜,image,满山的猴子..我腚最红,求链接,2025-12-23,辽宁,,False
穿搭,1/18,吴葱蒜,image,还能长高嘛,求p2..[哭惹R],2025-12-23,浙江,,False
穿搭,1/18,吴葱蒜,image,栗子,蹲蹲p2,2025-12-23,江苏,,False
穿搭,1/18,吴葱蒜,image,睡姿形而上学,问问p1鞋子好好看[哭惹R],2025-12-24,四川,,False
穿搭,1/18,吴葱蒜,image,destiny.,蹲图二吊带,2025-12-23,新疆,,False
穿搭,1/18,吴葱蒜,image,余丸粗面i,蹲蹲p5链接 整套[拥抱R],2025-12-23,湖北,,False
穿搭,1/18,吴葱蒜,image,板栗大王,蹲三的上衣,2025-12-23,河南,,False
穿搭,1/18,吴葱蒜,image,板栗大王,蹲12,2025-12-23,河南,,False
穿搭,1/18,吴葱蒜,image,攒一口袋星星糖゜,蹲蹲链接,2025-12-23,吉林,2,False
穿搭,1/18,吴葱蒜,image,卟可梨魚,蹲10,2025-12-24,湖南,,False
穿搭,1/18,吴葱蒜,image,咕噜噜,蹲,01-08,上海,,False
穿搭,1/18,吴葱蒜,image,荔枝荔枝.,蹲2,01-19,新疆,,False
穿搭,1/18,吴葱蒜,image,戴珍珠耳环的少女,太好看了呀宝宝，求黑色长裙链接[飞吻R][飞吻R],03-10,湖北,,False
穿搭,1/11,WalkingD,image,煜&燊,有价格侠吗,2天前,广东,,False
穿搭,1/11,WalkingD,image,狮子1234,求外套[飞吻R][飞吻R],02-28,甘肃,4,False
穿搭,1/11,WalkingD,image,WalkingD,zara,03-01,重庆 翻译,4,True
穿搭,1/11,WalkingD,image,那伞那人,脚趾甲是桃红色的么浅浅的[派对R][点赞R],02-26,江苏,9,False
穿搭,1/11,WalkingD,image,WalkingD,肉桂色,02-26,重庆,,True
穿搭,1/11,WalkingD,image,咬死你算了,请问包包链接,3天前,福建,1,False
穿搭,1/11,WalkingD,image,WalkingD,mytaste,3天前,重庆 翻译,1,True
穿搭,1/11,WalkingD,image,不抽烟的颓废兔子..,好漂亮的人[哇R],02-27,浙江,2,False
穿搭,1/11,WalkingD,image,千秋Jane..,为什么老是做拖鞋啊[笑哭R]，真的不好穿去上班[哭惹R],5天前,安徽,1,False
穿搭,1/11,WalkingD,image,momo,我买了这个上班穿，也是吐司系列,3天前,广西,3,False
穿搭,1/11,WalkingD,image,冷酷的布鲁斯,姐妹多高多重,3天前,北京,1,False
穿搭,1/11,WalkingD,image,HelloJuly.,我们这里还是羽绒服的,昨天 18:37,江苏,,False
穿搭,1/11,WalkingD,image,小个子的66呀,什么地方开始穿这么少了,3天前,安徽,3,False
穿搭,1/11,WalkingD,image,外太君请跟小的来,广东人已经热得开空调了[失望R],3天前,广东,1,False
穿搭,1/11,WalkingD,image,胡小桃桃,穿着磨脚吗？,5天前,浙江,,False
穿搭,1/11,WalkingD,image,Th,内搭和裤子是什么呀宝宝[萌萌哒R],03-06,浙江,,False
穿搭,1/11,WalkingD,image,WalkingD,⬆️zara ⬇️Hollister,03-09,重庆 翻译,,True
穿搭,1/11,WalkingD,image,AZhuo,请问包包链接[害羞R],03-13,四川,,False
穿搭,1/11,WalkingD,image,假酷少年,鞋子真好看,7天前,四川,1,False
穿搭,1/11,WalkingD,image,安妮,小宝 包包是什么呀,昨天 09:24,江苏,,False
穿搭,1/18,Fairychen,image,程秋秋,可以分享一下吗？,4天前,广东,1,False
穿搭,1/18,Fairychen,image,是饼饼呀..,图一裤子[哭惹R][哭惹R],2025-09-17,山东,6,False
穿搭,1/18,Fairychen,image,白雪公主后妈,这套衣服真的超美的[doge],03-03,海南,2,False
穿搭,1/18,Fairychen,image,明赫爱分享,第三套不错,2025-11-21,广西,2,False
穿搭,1/18,Fairychen,image,阿梁君..,求第5套链接 [害羞R][害羞R],2025-11-06,广西,2,False
穿搭,1/18,Fairychen,image,日尝嘉物..,求链接,2025-11-16,广东,2,False
穿搭,1/18,Fairychen,image,一条咸鱼,这套嘞,2025-09-17,山东,2,False
穿搭,1/18,Fairychen,image,雅洁,求,2025-09-17,江苏,2,False
穿搭,1/18,Fairychen,image,追风少女吃了睡（带娃版）,求图7,2025-09-18,河南,3,False
穿搭,1/18,Fairychen,image,一颗甜荔枝,问一下拍照要打灯吗,02-18,湖北,,False
穿搭,1/18,Fairychen,image,再瘦十斤,求第四套,2025-09-17,河南,2,False
穿搭,1/18,Fairychen,image,小粉豹..,第一套裤子好看[害羞R],02-25,浙江,1,False
穿搭,1/18,Fairychen,image,图图在加油啊,蹲图3靴子[偷笑R],2025-09-18,安徽,2,False
穿搭,1/18,Fairychen,image,绝绝子,[偷笑R]我也一样,2025-09-18,河南,2,False
穿搭,1/18,Fairychen,image,吐司小姐,图一裤子,2025-09-17,湖南,3,False
穿搭,1/18,Fairychen,image,潇潇の衣橱,蹲蹲链接,01-19,山东,2,False
穿搭,1/18,Fairychen,image,简简穿搭优选..,怎么买,02-06,青海,1,False
穿搭,1/18,Fairychen,image,Yu-7,早春穿搭,3天前,天津,,False
穿搭,1/18,Fairychen,image,158的苗苗（努力版）,[微笑R]新人博主来报道，求各位股东得建议，正在努力学习[红色心形R],4天前,山东,,False
穿搭,1/18,Fairychen,image,momo,求图一牛仔裤,2025-09-17,河南,1,False
穿搭,1/9,我只吃不胖,image,甜芝士,这样拍有什么意义？全身照都看不见。,2025-07-10,河南,522,False
穿搭,1/9,我只吃不胖,image,奶酪配咖啡,我也是说,2025-07-16,四川,57,False
穿搭,1/9,我只吃不胖,image,AAA土地批发彪哥yu,没有一双重复的鞋子和包,2025-07-10,浙江,194,False
穿搭,1/9,我只吃不胖,image,胖呆橘咖啡yu,捉火姐,2025-07-12,浙江,2,False
穿搭,1/9,我只吃不胖,image,百变小莎lucky,居然是ai,2025-07-11,北京,2,False
穿搭,1/9,我只吃不胖,image,特莓头..,这不是ai 吧,2025-07-11,内蒙古,4,False
穿搭,1/9,我只吃不胖,image,PAMPANT,第一套的上衣[微笑R],2025-07-10,广东,2,False
穿搭,1/9,我只吃不胖,image,毛嘟小张,姐妹求链接,2025-07-10,内蒙古,1,False
穿搭,1/9,我只吃不胖,image,PINNA,不得不说[偷笑R][偷笑R][偷笑R],2025-07-11,广东,22,False
穿搭,1/9,我只吃不胖,image,幸运特铆兔,求求外衫链接..,2025-07-11,福建,4,False
穿搭,1/9,我只吃不胖,image,仙德瑞,真的难过了，好美，可是夏天的衣服不是露腿就是背心，可是我四肢都长得不方便,2025-07-10,湖南,9,False
穿搭,1/9,我只吃不胖,image,crab,去减肥，去健身,2025-07-10,重庆,2,False
穿搭,1/9,我只吃不胖,image,ZZ,求图一和图二链接[哭惹R],2025-07-08,云南,5,False
穿搭,1/9,我只吃不胖,image,六六是大阿拉,同求,2025-07-09,河北,1,False
穿搭,1/9,我只吃不胖,image,甜瓜哇子,蹲,2025-07-12,湖南,3,False
穿搭,1/9,我只吃不胖,image,你选择三棱柱的哪一面,p4！,2025-07-10,四川 翻译,2,False
穿搭,1/9,我只吃不胖,image,cookie,我看上了p1,2025-07-10,四川,,False
穿搭,1/9,我只吃不胖,image,プリンプリン..,韩国人不这么穿,2025-07-11,韩国,2,False
穿搭,1/9,我只吃不胖,image,迷失,对啊现在很多都是打着韩风的名义实际上韩国人都不这么穿完全就是国内网红风[笑哭R],2025-07-11,福建,,False
穿搭,1/9,我只吃不胖,image,小红薯0V0,并非韩式,2025-07-11,山东,1,False
穿搭,1/18,小铁羊毛,image,小红薯69806517,第一套穿搭，有链接吗宝宝,02-02,河北,,False
穿搭,1/18,小铁羊毛,image,..,蹲[害羞R],02-03,四川,,False
穿搭,1/18,小铁羊毛,image,一只蜗牛在海边,第一张和我也有一模一样的搭配，真的很青春活力,01-12,广东,30,False
穿搭,1/18,小铁羊毛,image,拍拍小琳！,蹲蹲,01-12,湖南,,False
穿搭,1/18,小铁羊毛,image,Koi,求这件！！,01-18,广东,5,False
穿搭,1/18,小铁羊毛,image,小铁羊毛,MELLIIY,01-18,广东 翻译,1,True
穿搭,1/18,小铁羊毛,image,阿笑,求这套,2天前,浙江,2,False
穿搭,1/18,小铁羊毛,image,雨,第一张图片在哪个地方求[哭惹R],01-12,广东,4,False
穿搭,1/18,小铁羊毛,image,招财金宝cc,石岩 陌上花公园  会有，不过分季节，你可以搜一下,01-12,广东,1,False
穿搭,1/18,小铁羊毛,image,丫丫爱穿吊带,好看,2天前,广东,,False
穿搭,1/18,小铁羊毛,image,饼饼,宝宝图1 图9是在哪呀！,01-12,广东,2,False
穿搭,1/18,小铁羊毛,image,阿楠,图一可能是陌上花公园,01-12,广东,1,False
穿搭,1/18,小铁羊毛,image,小树,求第一套链接[害羞R],03-13,湖北,,False
穿搭,1/18,小铁羊毛,image,面包小飞侠..,图1小皮鞋哪家的[吧唧R],01-12,湖北,,False
穿搭,1/18,小铁羊毛,image,小铁羊毛,自然卷文艺,01-12,广东,,True
穿搭,1/18,小铁羊毛,image,随便发发,笑死，第一套我以前刷到就收藏过，这一套老贵了[哭惹R]有没有平替啊,01-12,浙江,1,False
穿搭,1/18,小铁羊毛,image,Haning..,第一套是哪家啊宝宝,01-15,上海,,False
穿搭,1/18,小铁羊毛,image,zo,求这样的小皮鞋推荐 感觉好百搭呀,01-12,广西,,False
穿搭,1/18,小铁羊毛,image,..,求p3衬衫..[哇R],01-12,贵州,3,False
穿搭,1/8,几杯脆脆,image,乔木新洲,第一件是什么呀,2025-04-18,浙江,11,False
穿搭,1/8,几杯脆脆,image,几杯脆脆,泡沫花市,2025-04-19,北京,7,True
穿搭,1/8,几杯脆脆,image,圈圈,好喜欢第一套,2025-04-18,河南,,False
穿搭,1/8,几杯脆脆,image,momo,啥货号,2025-04-18,江苏,,False
穿搭,1/8,几杯脆脆,image,..,第二套配的什么鞋子呀[哭惹R],2025-05-20,上海,,False
穿搭,1/8,几杯脆脆,image,几杯脆脆,马丁博士,2025-05-20,北京,,True
穿搭,1/8,几杯脆脆,image,小兔啾比,第五套求链接,2025-06-19,上海,,False
穿搭,1/8,几杯脆脆,image,树林沉默,第一套搭配的什么鞋子呀,2025-05-20,上海,2,False
穿搭,1/8,几杯脆脆,image,几杯脆脆,这样的小白鞋,2025-05-20,北京,1,True
穿搭,1/8,几杯脆脆,image,什么kitty,图5[哭惹R],2025-04-22,广东,1,False
穿搭,1/8,几杯脆脆,image,羊驼,蹲,2025-04-25,贵州,1,False
穿搭,1/8,几杯脆脆,image,欧气满满,图6有..吗,2025-04-19,河南,,False
穿搭,1/8,几杯脆脆,image,几杯脆脆,Under stress 内搭裙子Bm,2025-04-19,北京,,True
穿搭,1/8,几杯脆脆,image,慢慢,p3是什么呀,2025-04-19,河南,,False
穿搭,1/8,几杯脆脆,image,几杯脆脆,上x不是好人滴短裤是Bm,2025-04-19,北京,1,True
穿搭,1/8,几杯脆脆,image,摘斤欠,宝宝图二一套是啥呀,2025-04-18,广东,,False
穿搭,1/8,几杯脆脆,image,几杯脆脆,上lumhs 下日落公园,2025-04-18,北京,1,True
穿搭,1/8,几杯脆脆,image,小眼瞪大眼,图4[飞吻R][害羞R][飞吻R],2025-04-18,广西,,False
穿搭,1/8,几杯脆脆,image,几杯脆脆,Bm滴,2025-04-18,北京,,True
穿搭,1/8,几杯脆脆,image,小笼包,第一套,2025-04-19,湖南,3,False
穿搭,1/12,木糖纯.,image,浮云游子2599,我一直有个不解之谜：为什么别人的女朋友都这么漂亮？,03-13,广东,9,False
穿搭,1/12,木糖纯.,image,等待七月,因为别人不好看的一面不会发到网上让你看到[失望R],5天前,湖北,36,False
穿搭,1/12,木糖纯.,image,CAN,你好，粉红裤子的姐姐怎么联系[偷笑R],03-11,广东,3,False
穿搭,1/12,木糖纯.,image,木糖纯.,哈哈哈哈 评论区里找。,03-12,广东,3,True
穿搭,1/12,木糖纯.,image,噗噗噗噗桃,蹲个粉色裤子,03-12,广东,5,False
穿搭,1/12,木糖纯.,image,木糖纯.,SIINSIIN工装伞兵裤,03-12,广东,6,True
穿搭,1/12,木糖纯.,image,别闹了回来吧,个个都很优秀好难选,03-15,广东,5,False
穿搭,1/12,木糖纯.,image,来找大大呀,带我一个呗,昨天 23:35,广东,,False
穿搭,1/12,木糖纯.,image,蒹葭仓,这么清新自然谁不爱,03-13,广东,5,False
穿搭,1/12,木糖纯.,image,木棉,个个都那么漂亮，能全选吗？,03-13,广东,5,False
穿搭,1/12,木糖纯.,image,白杨树下,打劫！[暗中观察R],03-13,广东,9,False
穿搭,1/12,木糖纯.,image,司马瓜瓜,小粉妹又美又甜[飞吻R][飞吻R],03-13,四川,9,False
穿搭,1/12,木糖纯.,image,死生不渝,蓝色和粉色外衣的是双胞胎吗,3天前,湖南,1,False
穿搭,1/12,木糖纯.,image,阳彤彤,我去年买了一条这个裤子,7天前,河南,5,False
穿搭,1/12,木糖纯.,image,胖子蛋蛋,分我一个,03-14,四川,9,False
穿搭,1/12,木糖纯.,image,木子,粉色小姐姐好美，有联系方式吗,03-13,广东,6,False
穿搭,1/12,木糖纯.,image,momo,我喜欢左边这个,03-14,北京,6,False
穿搭,1/12,木糖纯.,image,努力找人,不错,03-13,广东,7,False
穿搭,1/12,木糖纯.,image,天之骄子,我犯迷糊了 不知道选哪个,昨天 13:42,广东,1,False
穿搭,1/12,木糖纯.,image,醒韶,靓女仨,03-13,广东,7,False
穿搭,1/8,今天也好困,image,啃啃啃,求1衬衫[派对R],2025-06-01,福建,,False
穿搭,1/8,今天也好困,image,今天也好困,宝宝这个jikoo～,2025-06-01,江西,6,True
穿搭,1/8,今天也好困,image,半夜杀猪,宝宝可以求一个p1的裙子么[哭惹R],2025-09-16,江西,2,False
穿搭,1/8,今天也好困,image,今天也好困,宝宝依朵美依,2025-09-17,浙江,,True
穿搭,1/8,今天也好困,image,脸那么圆,宝宝求p4裙子[哇R][哇R][哇R],2025-06-04,福建,,False
穿搭,1/8,今天也好困,image,pancake,宝宝蹲蹲靴子,2025-06-01,福建,,False
穿搭,1/8,今天也好困,image,今天也好困,宝宝戈丹琳,2025-06-01,江西,2,True
穿搭,1/8,今天也好困,image,极度薄荷糖,贝贝P1袜子[哭惹R]还有配靴子的话还有哪些袜子好看哇[哭惹R],2025-06-02,湖北,1,False
穿搭,1/8,今天也好困,image,今天也好困,抵达一楼,2025-06-02,江西,,True
穿搭,1/8,今天也好困,image,momo,宝宝 直接穿丝袜穿黑色拖鞋 好看吗,2025-06-05,河北,1,False
穿搭,1/8,今天也好困,image,今天也好困,会有点奇怪，宝宝可以加个腿套,2025-06-06,浙江,1,True
穿搭,1/8,今天也好困,image,豆浆米粉,宝宝想问2项链,2025-07-24,广东,,False
穿搭,1/8,今天也好困,image,今天也好困,陶陶银饰在拼少少,2025-07-24,浙江,,True
穿搭,1/8,今天也好困,image,rooosy_,宝宝求2和4链接呀,2025-06-01,贵州,1,False
穿搭,1/8,今天也好困,image,今天也好困,宝宝2⃣️这个ARIADNAw4⃣️jikoo,2025-06-01,江西,,True
穿搭,1/8,今天也好困,image,Jen_,姐姐求求p4,2025-06-04,广东,1,False
穿搭,1/8,今天也好困,image,今天也好困,jikoo宝宝,2025-06-04,浙江,2,True
穿搭,1/8,今天也好困,image,林桃书阿书-,宝宝求求黑靴,2025-06-01,安徽,,False
穿搭,1/8,今天也好困,image,今天也好困,应该是戈丹琳～,2025-06-01,江西,,True
穿搭,1/8,今天也好困,image,小羊日记（爱生活和哼哼）,想要这款的紫色衣服和鞋子,01-12,山东,,False
穿搭,1/17,..阿拉蕾蕾,image,..阿拉蕾蕾,除了本人回复不要相信其他人！,02-24,浙江,13,True
穿搭,1/17,..阿拉蕾蕾,image,恶毒女二黑月光,怎么买呢[萌萌哒R],02-24,安徽,3,False
穿搭,1/17,..阿拉蕾蕾,image,多辣多香菜,小宝你多重多高，我刚加购[笑哭R],02-25,四川,3,False
穿搭,1/17,..阿拉蕾蕾,image,momo,第一套有链接吗,02-14,浙江,30,False
穿搭,1/17,..阿拉蕾蕾,image,..阿拉蕾蕾,sllsky,02-23,浙江 翻译,1,True
穿搭,1/17,..阿拉蕾蕾,image,一杯甜酒..,想问这个外套～～,02-16,辽宁,2,False
穿搭,1/17,..阿拉蕾蕾,image,..阿拉蕾蕾,cokeya,02-23,浙江 翻译,,True
穿搭,1/17,..阿拉蕾蕾,image,元气少女,这个地方是哪里,4小时前,江苏,,False
穿搭,1/17,..阿拉蕾蕾,image,不良品134,没有链接吗，姐妹[哭惹R],02-13,浙江,1,False
穿搭,1/17,..阿拉蕾蕾,image,..阿拉蕾蕾,哪个,02-13,浙江,,True
穿搭,1/17,..阿拉蕾蕾,image,star..,第二套有链接吗,02-13,福建,4,False
穿搭,1/17,..阿拉蕾蕾,image,Miao 甜甜,这个这个宝，上衣裤子包包是哪家的,03-02,浙江,,False
穿搭,1/17,..阿拉蕾蕾,image,小桃子,等,03-11,湖南,,False
穿搭,1/17,..阿拉蕾蕾,image,小桃气,第四套,02-13,四川,2,False
穿搭,1/17,..阿拉蕾蕾,image,..阿拉蕾蕾,衬衣应该是桥分野色 买了很久了不知道还有没有 裤子右单元超模裤,02-13,浙江,1,True
穿搭,1/17,..阿拉蕾蕾,image,ilomizoy,图二链接有吗,03-14,福建,,False
穿搭,1/17,..阿拉蕾蕾,image,娜娜,衬衫哪一家 亲爱的,03-03,湖南,1,False
穿搭,1/17,..阿拉蕾蕾,image,..阿拉蕾蕾,对白,03-05,浙江,,True
穿搭,1/17,..阿拉蕾蕾,image,一角童画 YOU,求链接,03-12,安徽,,False
穿搭,1/18,糖炒小金豆,image,睡个好觉,总能在不合适的季节刷到合适的衣服[捂脸R],2025-12-26,江西,372,False
穿搭,1/18,糖炒小金豆,image,每天期待没有pre,[哭惹R]都好好看[哭惹R],2025-12-27,四川,8,False
穿搭,1/18,糖炒小金豆,image,叽里呱啦,1的全身..[飞吻R],2025-12-26,广东,6,False
穿搭,1/18,糖炒小金豆,image,可爱又迷人的豹豹警官,蹲,2025-12-26,天津,2,False
穿搭,1/18,糖炒小金豆,image,胖太,图2是裙子还是裤子啊,2025-12-26,广东,1,False
穿搭,1/18,糖炒小金豆,image,糖炒小金豆,裙子,2025-12-26,广东,1,True
穿搭,1/18,糖炒小金豆,image,忧郁小薯条..,别的不说，小姐姐你穿的都是我很喜欢而且能穿的，太喜欢了,2025-12-26,江苏,37,False
穿搭,1/18,糖炒小金豆,image,糖炒小金豆,[飞吻R][飞吻R][飞吻R],2025-12-26,广东,,True
穿搭,1/18,糖炒小金豆,image,沈念,什么设备拍的[黄金薯R],2025-12-26,湖北,2,False
穿搭,1/18,糖炒小金豆,image,糖炒小金豆,dazz的fxnr,2025-12-26,广东 翻译,,True
穿搭,1/18,糖炒小金豆,image,自由度黑石礁,看上图一的白短袖了，有链接吗[皱眉R],2025-12-26,安徽,5,False
穿搭,1/18,糖炒小金豆,image,子每华,蹲,01-05,湖南,2,False
穿搭,1/18,糖炒小金豆,image,爱吃话梅的小YU,蹲图三的裙子[飞吻R],2025-12-26,江西,,False
穿搭,1/18,糖炒小金豆,image,说不过就拉黑的死跌,求蓝色长裙..，我正好有个这种灰色短袖，我要学这个搭法[害羞R],2025-12-26,安徽,1,False
穿搭,1/18,糖炒小金豆,image,麻酱。,求p1链接,2025-12-26,内蒙古,1,False
穿搭,1/18,糖炒小金豆,image,今晚有月亮吗,蹲图二裙子,2025-12-26,广西,,False
穿搭,1/18,糖炒小金豆,image,拜见便秘大王,就喜欢这种大大方方的把店铺分享出来，有的那个问半天链接都不搭理你的那种，我真[生气R],2025-12-26,河北,21,False
穿搭,1/18,糖炒小金豆,image,咻哇咻哇..,好喜欢这种直接带衣服链接的博主,03-12,广东,1,False
穿搭,1/18,糖炒小金豆,image,Dream,对呀，超级好的博主[亲一个R][亲一个R],03-12,广西,,False
穿搭,1/18,糖炒小金豆,image,我也是很喜欢这个,请问图一上衣是白色还是浅灰色,3天前,云南,,False
穿搭,奶油兔叽酱,奶油兔叽酱,image,奶油兔叽酱,秋季新品[害羞R]老规矩，留下你的身高体重[飞吻R]宠一位姐妹,2025-09-22,广东,6,True
穿搭,奶油兔叽酱,奶油兔叽酱,image,橙子杰瑞,160 90[害羞R],2025-09-26,广东,1,False
穿搭,奶油兔叽酱,奶油兔叽酱,image,小QQ(陪拍版),家人们！这件条纹上衣必须夸！条纹经典又不过时。而且它的露肩设计很巧妙，不会太夸张，日常出街或者和朋友约会穿都超合适，轻松穿出慵懒又时髦的感觉～,2025-09-27,福建,2,False
穿搭,奶油兔叽酱,奶油兔叽酱,image,L,请问小姐姐穿的什么码呀[汗颜R],2025-09-30,广东,1,False
穿搭,奶油兔叽酱,奶油兔叽酱,image,ch,很好看精致，穿上韩女感满满，漏肩设计很显瘦显白，面料柔软舒适，做工精细。,2025-09-06,广东,5,False
穿搭,奶油兔叽酱,奶油兔叽酱,image,绿豆糕.,姐妹 想要短裤链接,2025-09-27,广东,1,False
穿搭,奶油兔叽酱,奶油兔叽酱,image,我和我的兔說過你,这么多销量，咋一条评价都没,2025-09-25,上海,5,False
穿搭,奶油兔叽酱,奶油兔叽酱,image,momo,随意穿搭最吸睛了,2025-10-22,广东,,False
穿搭,奶油兔叽酱,奶油兔叽酱,image,像风一样.,求裤子链接！太美了,2025-10-31,广东,,False
穿搭,奶油兔叽酱,奶油兔叽酱,image,奶油兔叽酱,同款[向右R][向右R][向右R] #条纹甜辣风一字肩长袖,2025-09-21,广东,2,True
穿搭,奶油兔叽酱,奶油兔叽酱,image,Ccccc..,很漂亮的衣服，让人眼前一亮的感觉，袖子很有样式，很独特，料子也很舒服，秋天这样穿真的超有氛围感的,2025-09-30,江苏,1,False
穿搭,奶油兔叽酱,奶油兔叽酱,image,西瓜要加冰..,裤子有没有链接啊[哭惹R],2025-10-12,湖南,,False
穿搭,奶油兔叽酱,奶油兔叽酱,image,小红薯6262CE18,155 94,2025-09-22,广东,,False
穿搭,奶油兔叽酱,奶油兔叽酱,image,百味,刚好要降温了，马上就能穿了喜欢喜欢，好显瘦呀～好久没买过这么合适的条纹衣服啦,2025-09-27,浙江,,False
穿搭,奶油兔叽酱,奶油兔叽酱,image,拜托别数羊,裙子的链接有没有呀,2025-09-29,浙江,,False
穿搭,奶油兔叽酱,奶油兔叽酱,image,Sir.,175 130[微笑R][微笑R],2025-09-29,江苏,,False
穿搭,奶油兔叽酱,奶油兔叽酱,image,wcbhkn,168 96,2025-10-01,广东,,False
穿搭,奶油兔叽酱,奶油兔叽酱,image,-月亮供货商,158 94,2025-09-22,重庆,,False
穿搭,奶油兔叽酱,奶油兔叽酱,image,小王今天也要开心吧,160 120,2025-09-23,上海,,False
穿搭,奶油兔叽酱,奶油兔叽酱,image,momo,155 90,2025-09-22,安徽,,False
穿搭,1/18,舟截鱼,image,chichoo..,作者发的链接哪去了[哭惹R],2025-12-24,上海,62,False
穿搭,1/18,舟截鱼,image,oo,黑色皮鞋是哪家的好百搭！,01-08,山东,31,False
穿搭,1/18,舟截鱼,image,舟截鱼,宝贝们 等我下课的[红色心形R][红色心形R]给你们总结一下这些夏日穿搭 不要相信其他人 那些是pz 大概六点半我就发 会给宝宝们tt 谢谢大家喜欢[红色心形R][红色心形R][红色心形R][红色心形R],2025-12-11,江西,154,True
穿搭,1/18,舟截鱼,image,一芝茄,蹲蹲,2025-12-11,河北,26,False
穿搭,1/18,舟截鱼,image,李嫣,怎么夏天刷不到，一到冬天穿搭全冒出来了,2025-12-11,湖北,4841,False
穿搭,1/18,舟截鱼,image,邪恶叉子大魔王,点了 一到冬天小红书推的夏装全是我喜欢的,2025-12-11,贵州,1380,False
穿搭,1/18,舟截鱼,image,晚,一分钟内我要这个帖子内的所有链接！,2025-12-11,浙江,142,False
穿搭,1/18,舟截鱼,image,今天天气很好,蹲！！！,2025-12-11,重庆,8,False
穿搭,1/18,舟截鱼,image,aaaaSerena,7️⃣的鞋有链接吗,2小时前,福建,,False
穿搭,1/18,舟截鱼,image,彩虹跳跳糖,我想要这身的所有链接[哭惹R][哭惹R],02-28,河南,3,False
穿搭,1/18,舟截鱼,image,月亮也听见你说,p1鞋子是什么呀,2025-12-11,重庆,5,False
穿搭,1/18,舟截鱼,image,是坎总会过去,求第一套链接,03-09,浙江,,False
穿搭,1/18,舟截鱼,image,菠萝菠萝蜜,这套巨美！,2025-12-12,广东,23,False
穿搭,1/18,舟截鱼,image,初小姒姒姒姒,我也觉得好看[偷笑R],2025-12-12,广东,7,False
穿搭,1/18,土豆丝好好吃,image,点正小钟,求这一套[哭惹R],2025-12-30,山东,2,False
穿搭,1/18,土豆丝好好吃,image,云容容,上边就贴着啊 宝宝你有没有买 咋样啊[哭惹R],03-05,北京,1,False
穿搭,1/18,土豆丝好好吃,image,山野.,求第一套,2025-12-27,安徽,7,False
穿搭,1/18,土豆丝好好吃,image,枫遇云,什么有店铺  哦！,2025-12-27,湖北,19,False
穿搭,1/18,土豆丝好好吃,image,九月,站好拍照还直接放链接的 我爱死[萌萌哒R],2025-12-28,山西,138,False
穿搭,1/18,土豆丝好好吃,image,牡丹嚼牛..,我也是,2025-12-28,贵州,11,False
穿搭,1/18,土豆丝好好吃,image,万万今天穿什么,图7太好看了！原地出道,2025-12-27,广东,,False
穿搭,1/18,土豆丝好好吃,image,甜心（女装招代..）,很好看,昨天 00:27,海南,,False
穿搭,1/18,土豆丝好好吃,image,..,好看[派对R],2025-12-27,新疆,,False
穿搭,1/18,土豆丝好好吃,image,七7买手女装,好好看[飞吻R],7天前,广东,,False
穿搭,1/18,土豆丝好好吃,image,杨雪梨（搞钱版）,夏天为啥刷不到，一到冬天都吻上来了,2025-12-28,北京,33,False
穿搭,1/18,土豆丝好好吃,image,薛之谦的鼻屎,刷到的还永远比搜的好看[笑哭R],2025-12-29,浙江,9,False
穿搭,1/18,土豆丝好好吃,image,欧尼公主..,第二套的链接是什么,01-19,浙江,1,False
穿搭,1/18,土豆丝好好吃,image,CiCi来luck,找不到一忘皆空的蓝色上衣,03-08,广东,,False
穿搭,1/18,土豆丝好好吃,image,嘎嘎❤,夏天的时候你干森么去了[泪崩R],2025-12-28,广东,16,False
穿搭,1/18,土豆丝好好吃,image,文紫OOTD,好清新,02-28,山东,,False
穿搭,1/18,土豆丝好好吃,image,湘億子,再发点好么,01-08,湖南,,False
穿搭,1/18,土豆丝好好吃,image,青提..,好好看[萌萌哒R],02-10,广东,,False
穿搭,1/18,土豆丝好好吃,image,妙丸 z Z,好好看[哭惹R],02-11,湖南,,False
穿搭,1/18,土豆丝好好吃,image,第二个星期,赵还直接放链接找我,01-22,浙江,,False
穿搭,1/3,小羊七七,image,小羊七七,推荐内搭[向右R] #工字背心吊带 ，都有运费险哦，放心下单[害羞R],6天前,广东,1,True
穿搭,1/3,小羊七七,image,✨映雪✨,容易皱嘛,2025-06-25,四川,,False
穿搭,1/3,小羊七七,image,送你一朵小红花,毛衣可推荐么,7天前,江苏,,False
穿搭,1/3,小羊七七,image,小羊七七,这边没有毛衣哦，你可以看一下推荐搭配的背心和防晒衣哦[向右R] #原纱型冰感防晒衣 #工字背心吊带,7天前,广东,,True
